NOC,rank,sport,log_mu_contrib_total,log_mu_contrib_gold
AFG,1,Athletics,0.0,0.0
AFG,2,Swimming,0.0,0.0
AFG,3,Rowing,0.0,0.0
AFG,4,Gymnastics,0.0,0.0
AFG,5,Fencing,0.0,0.0
AHO,1,Athletics,0.0,0.0
AHO,2,Swimming,0.0,0.0
AHO,3,Rowing,0.0,0.0
AHO,4,Gymnastics,0.0,0.0
AHO,5,Fencing,0.0,0.0
AIN,1,Athletics,0.0,0.0
AIN,2,Swimming,0.0,0.0
AIN,3,Rowing,0.0,0.0
AIN,4,Gymnastics,0.0,0.0
AIN,5,Fencing,0.0,0.0
ALB,1,Athletics,0.0,0.0
ALB,2,Swimming,0.0,0.0
ALB,3,Rowing,0.0,0.0
ALB,4,Gymnastics,0.0,0.0
ALB,5,Fencing,0.0,0.0
ALG,1,Athletics,9.261204676914703,5.91145877715746
ALG,2,Swimming,0.0,0.0
ALG,3,Rowing,0.0,0.0
ALG,4,Gymnastics,0.0,0.0
ALG,5,Fencing,0.0,0.0
AND,1,Athletics,0.0,0.0
AND,2,Swimming,0.0,0.0
AND,3,Rowing,0.0,0.0
AND,4,Gymnastics,0.0,0.0
AND,5,Fencing,0.0,0.0
ANG,1,Athletics,0.0,0.0
ANG,2,Swimming,0.0,0.0
ANG,3,Rowing,0.0,0.0
ANG,4,Gymnastics,0.0,0.0
ANG,5,Fencing,0.0,0.0
ANT,1,Athletics,0.0,0.0
ANT,2,Swimming,0.0,0.0
ANT,3,Rowing,0.0,0.0
ANT,4,Gymnastics,0.0,0.0
ANT,5,Fencing,0.0,0.0
ANZ,1,Athletics,0.30464489068798367,0.0
ANZ,2,Swimming,0.0,0.0
ANZ,3,Rowing,0.0,0.0
ANZ,4,Gymnastics,0.0,0.0
ANZ,5,Fencing,0.0,0.0
ARG,1,Athletics,0.0,0.0
ARG,2,Swimming,0.0,0.0
ARG,3,Rowing,0.0,0.0
ARG,4,Gymnastics,0.0,0.0
ARG,5,Fencing,0.0,0.0
ARM,1,Wrestling,0.994747561896273,1.5955158339813968
ARM,2,Athletics,0.0,0.0
ARM,3,Swimming,0.0,0.0
ARM,4,Rowing,0.0,0.0
ARM,5,Gymnastics,0.0,0.0
ARU,1,Athletics,0.0,0.0
ARU,2,Swimming,0.0,0.0
ARU,3,Rowing,0.0,0.0
ARU,4,Gymnastics,0.0,0.0
ARU,5,Fencing,0.0,0.0
ASA,1,Athletics,0.0,0.0
ASA,2,Swimming,0.0,0.0
ASA,3,Rowing,0.0,0.0
ASA,4,Gymnastics,0.0,0.0
ASA,5,Fencing,0.0,0.0
AUS,1,Athletics,0.22657381472574198,0.07677219191113584
AUS,2,Rowing,0.09941100722306563,0.113153995391572
AUS,3,Cycling,0.03313224901850817,0.012314230190012779
AUS,4,Basketball,0.01372884402157355,0.0
AUS,5,Canoeing,0.010281770005206302,0.036670377297910305
AUT,1,Athletics,1.0290227418794113,0.0
AUT,2,Rowing,0.09505087532731712,0.0
AUT,3,Swimming,0.0,0.0
AUT,4,Gymnastics,0.0,0.0
AUT,5,Fencing,0.0,0.0
AZE,1,Wrestling,1.188012802493263,1.0636772226542646
AZE,2,Canoeing,0.024015277083589005,0.0
AZE,3,Athletics,0.0,0.0
AZE,4,Swimming,0.0,0.0
AZE,5,Rowing,0.0,0.0
BAH,1,Athletics,9.261204676914703,5.91145877715746
BAH,2,Swimming,0.0,0.0
BAH,3,Rowing,0.0,0.0
BAH,4,Gymnastics,0.0,0.0
BAH,5,Fencing,0.0,0.0
BAN,1,Athletics,0.0,0.0
BAN,2,Swimming,0.0,0.0
BAN,3,Rowing,0.0,0.0
BAN,4,Gymnastics,0.0,0.0
BAN,5,Fencing,0.0,0.0
BAR,1,Athletics,0.0,0.0
BAR,2,Swimming,0.0,0.0
BAR,3,Rowing,0.0,0.0
BAR,4,Gymnastics,0.0,0.0
BAR,5,Fencing,0.0,0.0
BDI,1,Athletics,9.261204676914703,0.0
BDI,2,Swimming,0.0,0.0
BDI,3,Rowing,0.0,0.0
BDI,4,Gymnastics,0.0,0.0
BDI,5,Fencing,0.0,0.0
BEL,1,Athletics,0.5447767457008648,0.5374053433779509
BEL,2,Cycling,0.02655452311042199,0.04309980566504472
BEL,3,Shooting,0.02217177350975607,0.0
BEL,4,Swimming,0.0,0.0
BEL,5,Rowing,0.0,0.0
BEN,1,Athletics,0.0,0.0
BEN,2,Swimming,0.0,0.0
BEN,3,Rowing,0.0,0.0
BEN,4,Gymnastics,0.0,0.0
BEN,5,Fencing,0.0,0.0
BER,1,Athletics,0.0,0.0
BER,2,Swimming,0.0,0.0
BER,3,Rowing,0.0,0.0
BER,4,Gymnastics,0.0,0.0
BER,5,Fencing,0.0,0.0
BHU,1,Athletics,0.0,0.0
BHU,2,Swimming,0.0,0.0
BHU,3,Rowing,0.0,0.0
BHU,4,Gymnastics,0.0,0.0
BHU,5,Fencing,0.0,0.0
BIH,1,Athletics,0.0,0.0
BIH,2,Swimming,0.0,0.0
BIH,3,Rowing,0.0,0.0
BIH,4,Gymnastics,0.0,0.0
BIH,5,Fencing,0.0,0.0
BIZ,1,Athletics,0.0,0.0
BIZ,2,Swimming,0.0,0.0
BIZ,3,Rowing,0.0,0.0
BIZ,4,Gymnastics,0.0,0.0
BIZ,5,Fencing,0.0,0.0
BLR,1,Athletics,1.0129442615375457,0.49262156476312163
BLR,2,Wrestling,0.17097223720092192,0.0
BLR,3,Canoeing,0.13133354655087737,0.35295238149238667
BLR,4,Rowing,0.04009958802871192,0.0
BLR,5,Shooting,0.017668132015586865,0.030285701522084728
BOH,1,Athletics,0.4823544102559741,0.0
BOH,2,Fencing,0.06582602281650553,0.0
BOH,3,Swimming,0.0,0.0
BOH,4,Rowing,0.0,0.0
BOH,5,Gymnastics,0.0,0.0
BOL,1,Athletics,0.0,0.0
BOL,2,Swimming,0.0,0.0
BOL,3,Rowing,0.0,0.0
BOL,4,Gymnastics,0.0,0.0
BOL,5,Fencing,0.0,0.0
BOT,1,Athletics,9.261204676914703,0.0
BOT,2,Swimming,0.0,0.0
BOT,3,Rowing,0.0,0.0
BOT,4,Gymnastics,0.0,0.0
BOT,5,Fencing,0.0,0.0
BRA,1,Athletics,0.16941228067526892,0.0748285921159172
BRA,2,Football,0.04046489019394881,0.07257064630853788
BRA,3,Gymnastics,0.020327387485005018,0.002674726280509722
BRA,4,Canoeing,0.010250423145434333,0.0
BRA,5,Shooting,0.006894880786570484,0.0
BRN,1,Athletics,9.261204676914703,5.91145877715746
BRN,2,Swimming,0.0,0.0
BRN,3,Rowing,0.0,0.0
BRN,4,Gymnastics,0.0,0.0
BRN,5,Fencing,0.0,0.0
BRU,1,Athletics,0.0,0.0
BRU,2,Swimming,0.0,0.0
BRU,3,Rowing,0.0,0.0
BRU,4,Gymnastics,0.0,0.0
BRU,5,Fencing,0.0,0.0
BUL,1,Athletics,0.4874318251007738,0.0
BUL,2,Wrestling,0.4607251865624843,0.0
BUL,3,Shooting,0.059513707841976814,0.0
BUL,4,Swimming,0.0,0.0
BUL,5,Rowing,0.0,0.0
BUR,1,Athletics,9.261204676914703,0.0
BUR,2,Swimming,0.0,0.0
BUR,3,Rowing,0.0,0.0
BUR,4,Gymnastics,0.0,0.0
BUR,5,Fencing,0.0,0.0
CAF,1,Athletics,0.0,0.0
CAF,2,Swimming,0.0,0.0
CAF,3,Rowing,0.0,0.0
CAF,4,Gymnastics,0.0,0.0
CAF,5,Fencing,0.0,0.0
CAM,1,Athletics,0.0,0.0
CAM,2,Swimming,0.0,0.0
CAM,3,Rowing,0.0,0.0
CAM,4,Gymnastics,0.0,0.0
CAM,5,Fencing,0.0,0.0
CAN,1,Athletics,1.019175634301618,0.4325457641822531
CAN,2,Rowing,0.1268860967288109,0.21250872305246452
CAN,3,Football,0.032309412870380354,0.07887916403016812
CAN,4,Wrestling,0.03141308090198757,0.03891502034100968
CAN,5,Cycling,0.02915915336766434,0.0
CAY,1,Athletics,0.0,0.0
CAY,2,Swimming,0.0,0.0
CAY,3,Rowing,0.0,0.0
CAY,4,Gymnastics,0.0,0.0
CAY,5,Fencing,0.0,0.0
CGO,1,Athletics,0.0,0.0
CGO,2,Swimming,0.0,0.0
CGO,3,Rowing,0.0,0.0
CGO,4,Gymnastics,0.0,0.0
CGO,5,Fencing,0.0,0.0
CHA,1,Athletics,0.0,0.0
CHA,2,Swimming,0.0,0.0
CHA,3,Rowing,0.0,0.0
CHA,4,Gymnastics,0.0,0.0
CHA,5,Fencing,0.0,0.0
CHI,1,Athletics,0.0,0.0
CHI,2,Swimming,0.0,0.0
CHI,3,Rowing,0.0,0.0
CHI,4,Gymnastics,0.0,0.0
CHI,5,Fencing,0.0,0.0
CHN,1,Athletics,0.41541023616767797,0.18358567630923786
CHN,2,Shooting,0.08055549372805833,0.020315874312951246
CHN,3,Gymnastics,0.04837810952895654,0.010499546641504001
CHN,4,Rowing,0.045142895933818164,0.024052056991445258
CHN,5,Wrestling,0.040419821776260176,0.0
CIV,1,Athletics,0.0,0.0
CIV,2,Swimming,0.0,0.0
CIV,3,Rowing,0.0,0.0
CIV,4,Gymnastics,0.0,0.0
CIV,5,Fencing,0.0,0.0
CMR,1,Athletics,0.0,0.0
CMR,2,Swimming,0.0,0.0
CMR,3,Rowing,0.0,0.0
CMR,4,Gymnastics,0.0,0.0
CMR,5,Fencing,0.0,0.0
COD,1,Athletics,0.0,0.0
COD,2,Swimming,0.0,0.0
COD,3,Rowing,0.0,0.0
COD,4,Gymnastics,0.0,0.0
COD,5,Fencing,0.0,0.0
COK,1,Athletics,0.0,0.0
COK,2,Swimming,0.0,0.0
COK,3,Rowing,0.0,0.0
COK,4,Gymnastics,0.0,0.0
COK,5,Fencing,0.0,0.0
COL,1,Athletics,1.764038986078991,1.477864694289365
COL,2,Cycling,0.16122389031327639,0.4740978623154919
COL,3,Wrestling,0.1042116493415143,0.0
COL,4,Swimming,0.0,0.0
COL,5,Rowing,0.0,0.0
COM,1,Athletics,0.0,0.0
COM,2,Swimming,0.0,0.0
COM,3,Rowing,0.0,0.0
COM,4,Gymnastics,0.0,0.0
COM,5,Fencing,0.0,0.0
CPV,1,Athletics,0.0,0.0
CPV,2,Swimming,0.0,0.0
CPV,3,Rowing,0.0,0.0
CPV,4,Gymnastics,0.0,0.0
CPV,5,Fencing,0.0,0.0
CRC,1,Athletics,0.0,0.0
CRC,2,Swimming,0.0,0.0
CRC,3,Rowing,0.0,0.0
CRC,4,Gymnastics,0.0,0.0
CRC,5,Fencing,0.0,0.0
CRO,1,Athletics,0.5292116958236973,0.6568287530174954
CRO,2,Rowing,0.12220826827797918,0.14342152502306246
CRO,3,Handball,0.04006968641097057,0.0
CRO,4,Shooting,0.03230744139993027,0.026920623575186427
CRO,5,Swimming,0.0,0.0
CUB,1,Athletics,1.3552982454021514,0.0
CUB,2,Wrestling,0.42701358754571717,0.44319884277261024
CUB,3,Shooting,0.05515904629256387,0.020190467681389816
CUB,4,Swimming,0.0,0.0
CUB,5,Rowing,0.0,0.0
CYP,1,Athletics,0.0,0.0
CYP,2,Swimming,0.0,0.0
CYP,3,Rowing,0.0,0.0
CYP,4,Gymnastics,0.0,0.0
CYP,5,Fencing,0.0,0.0
CZE,1,Athletics,1.1025243662993691,0.591145877715746
CZE,2,Canoeing,0.11007001996644962,0.0
CZE,3,Shooting,0.08076860349982568,0.03634284182650167
CZE,4,Rowing,0.06110413413898959,0.09680952939056718
CZE,5,Cycling,0.03224477806265527,0.09481957246309838
DEN,1,Rowing,0.1425763129909757,0.0880086630823338
DEN,2,Athletics,0.10290227418794114,0.0
DEN,3,Handball,0.060252935862422426,0.14908505685813572
DEN,4,Cycling,0.06019025238362318,0.04309980566504472
DEN,5,Shooting,0.025128009977723544,0.0
DJI,1,Athletics,0.0,0.0
DJI,2,Swimming,0.0,0.0
DJI,3,Rowing,0.0,0.0
DJI,4,Gymnastics,0.0,0.0
DJI,5,Fencing,0.0,0.0
DMA,1,Athletics,0.0,0.0
DMA,2,Swimming,0.0,0.0
DMA,3,Rowing,0.0,0.0
DMA,4,Gymnastics,0.0,0.0
DMA,5,Fencing,0.0,0.0
DOM,1,Athletics,2.1168467832947893,5.91145877715746
DOM,2,Swimming,0.0,0.0
DOM,3,Rowing,0.0,0.0
DOM,4,Gymnastics,0.0,0.0
DOM,5,Fencing,0.0,0.0
ECU,1,Athletics,0.0,0.0
ECU,2,Swimming,0.0,0.0
ECU,3,Rowing,0.0,0.0
ECU,4,Gymnastics,0.0,0.0
ECU,5,Fencing,0.0,0.0
EGY,1,Wrestling,0.39789902475850925,0.0
EGY,2,Fencing,0.028724082683566046,0.0
EGY,3,Athletics,0.0,0.0
EGY,4,Swimming,0.0,0.0
EGY,5,Rowing,0.0,0.0
EOR,1,Athletics,0.0,0.0
EOR,2,Swimming,0.0,0.0
EOR,3,Rowing,0.0,0.0
EOR,4,Gymnastics,0.0,0.0
EOR,5,Fencing,0.0,0.0
ERI,1,Athletics,0.0,0.0
ERI,2,Swimming,0.0,0.0
ERI,3,Rowing,0.0,0.0
ERI,4,Gymnastics,0.0,0.0
ERI,5,Fencing,0.0,0.0
ESA,1,Athletics,0.0,0.0
ESA,2,Swimming,0.0,0.0
ESA,3,Rowing,0.0,0.0
ESA,4,Gymnastics,0.0,0.0
ESA,5,Fencing,0.0,0.0
ESP,1,Athletics,0.1560877192738433,0.3284143765087477
ESP,2,Basketball,0.03783144939652711,0.0
ESP,3,Handball,0.03256599981715586,0.0
ESP,4,Canoeing,0.018888420178103712,0.1568677251077274
ESP,5,Football,0.014389643585626583,0.0
EST,1,Athletics,0.8419276979013366,0.0
EST,2,Rowing,0.31107559198031065,0.0
EST,3,Wrestling,0.19894951237925462,0.0
EST,4,Fencing,0.14362041341783022,0.9242514413277726
EST,5,Swimming,0.0,0.0
ETH,1,Athletics,9.261204676914703,5.91145877715746
ETH,2,Swimming,0.0,0.0
ETH,3,Rowing,0.0,0.0
ETH,4,Gymnastics,0.0,0.0
ETH,5,Fencing,0.0,0.0
EUN,1,Athletics,0.0,0.0
EUN,2,Swimming,0.0,0.0
EUN,3,Rowing,0.0,0.0
EUN,4,Gymnastics,0.0,0.0
EUN,5,Fencing,0.0,0.0
FIJ,1,Athletics,0.0,0.0
FIJ,2,Swimming,0.0,0.0
FIJ,3,Rowing,0.0,0.0
FIJ,4,Gymnastics,0.0,0.0
FIJ,5,Fencing,0.0,0.0
FIN,1,Athletics,1.157650584614338,0.0
FIN,2,Swimming,0.0,0.0
FIN,3,Rowing,0.0,0.0
FIN,4,Gymnastics,0.0,0.0
FIN,5,Fencing,0.0,0.0
FRA,1,Athletics,0.37741586457646126,0.05140398936658661
FRA,2,Handball,0.04572215001126423,0.09574779428031822
FRA,3,Rowing,0.03218023365313559,0.033672879788023365
FRA,4,Fencing,0.022781169024897213,0.072332721495217
FRA,5,Basketball,0.02110971157549162,0.0
FRG,1,Athletics,1.222725617477274,0.7622670528439882
FRG,2,Rowing,0.0658044521496811,0.09171429100158995
FRG,3,Wrestling,0.05035868656542605,0.018661003906215168
FRG,4,Fencing,0.01807294354251986,0.103775600429785
FRG,5,Cycling,0.015571678055808915,0.04491453432462555
FSM,1,Athletics,0.0,0.0
FSM,2,Swimming,0.0,0.0
FSM,3,Rowing,0.0,0.0
FSM,4,Gymnastics,0.0,0.0
FSM,5,Fencing,0.0,0.0
GAB,1,Athletics,0.0,0.0
GAB,2,Swimming,0.0,0.0
GAB,3,Rowing,0.0,0.0
GAB,4,Gymnastics,0.0,0.0
GAB,5,Fencing,0.0,0.0
GAM,1,Athletics,0.0,0.0
GAM,2,Swimming,0.0,0.0
GAM,3,Rowing,0.0,0.0
GAM,4,Gymnastics,0.0,0.0
GAM,5,Fencing,0.0,0.0
GBR,1,Athletics,0.786752824495181,0.2318219128297043
GBR,2,Rowing,0.13911572286983553,0.15818550554014243
GBR,3,Cycling,0.06409823600319095,0.17972337264247404
GBR,4,Gymnastics,0.028320195185419613,0.002762135636081935
GBR,5,Canoeing,0.013260862952709949,0.02306878310407756
GBS,1,Athletics,0.0,0.0
GBS,2,Swimming,0.0,0.0
GBS,3,Rowing,0.0,0.0
GBS,4,Gymnastics,0.0,0.0
GBS,5,Fencing,0.0,0.0
GDR,1,Athletics,1.3284514905410434,0.8795389071276787
GDR,2,Rowing,0.18932264511916447,0.39978024282744334
GDR,3,Gymnastics,0.061482016245629934,0.0035644968987899464
GDR,4,Shooting,0.019278538802581343,0.002550374865017661
GDR,5,Canoeing,0.01808527526274377,0.03643840375731117
GEO,1,Wrestling,1.0942223180859003,0.31910316679627937
GEO,2,Athletics,0.0,0.0
GEO,3,Swimming,0.0,0.0
GEO,4,Rowing,0.0,0.0
GEO,5,Gymnastics,0.0,0.0
GEQ,1,Athletics,0.0,0.0
GEQ,2,Swimming,0.0,0.0
GEQ,3,Rowing,0.0,0.0
GEQ,4,Gymnastics,0.0,0.0
GEQ,5,Fencing,0.0,0.0
GER,1,Athletics,0.3881942080143887,0.20561595746634645
GER,2,Rowing,0.11525630092084863,0.17678261888712266
GER,3,Canoeing,0.03774856427809649,0.08593623201553763
GER,4,Wrestling,0.026208917798464678,0.013874050730273016
GER,5,Cycling,0.02432839542451835,0.024735540642547404
GHA,1,Athletics,0.0,0.0
GHA,2,Swimming,0.0,0.0
GHA,3,Rowing,0.0,0.0
GHA,4,Gymnastics,0.0,0.0
GHA,5,Fencing,0.0,0.0
GRE,1,Athletics,0.7124003597626695,2.364583510862984
GRE,2,Rowing,0.09870667822452164,0.19361905878113436
GRE,3,Shooting,0.08698157299981227,0.07268568365300335
GRE,4,Gymnastics,0.032054726418661764,0.04226067523205361
GRE,5,Swimming,0.0,0.0
GRN,1,Athletics,9.261204676914703,5.91145877715746
GRN,2,Swimming,0.0,0.0
GRN,3,Rowing,0.0,0.0
GRN,4,Gymnastics,0.0,0.0
GRN,5,Fencing,0.0,0.0
GUA,1,Athletics,9.261204676914703,0.0
GUA,2,Swimming,0.0,0.0
GUA,3,Rowing,0.0,0.0
GUA,4,Gymnastics,0.0,0.0
GUA,5,Fencing,0.0,0.0
GUI,1,Athletics,0.0,0.0
GUI,2,Swimming,0.0,0.0
GUI,3,Rowing,0.0,0.0
GUI,4,Gymnastics,0.0,0.0
GUI,5,Fencing,0.0,0.0
GUM,1,Athletics,0.0,0.0
GUM,2,Swimming,0.0,0.0
GUM,3,Rowing,0.0,0.0
GUM,4,Gymnastics,0.0,0.0
GUM,5,Fencing,0.0,0.0
GUY,1,Athletics,0.0,0.0
GUY,2,Swimming,0.0,0.0
GUY,3,Rowing,0.0,0.0
GUY,4,Gymnastics,0.0,0.0
GUY,5,Fencing,0.0,0.0
HAI,1,Athletics,0.0,0.0
HAI,2,Swimming,0.0,0.0
HAI,3,Rowing,0.0,0.0
HAI,4,Gymnastics,0.0,0.0
HAI,5,Fencing,0.0,0.0
HKG,1,Cycling,0.07523781547952897,0.0
HKG,2,Fencing,0.03510721216880294,0.9242514413277726
HKG,3,Athletics,0.0,0.0
HKG,4,Swimming,0.0,0.0
HKG,5,Rowing,0.0,0.0
HON,1,Athletics,0.0,0.0
HON,2,Swimming,0.0,0.0
HON,3,Rowing,0.0,0.0
HON,4,Gymnastics,0.0,0.0
HON,5,Fencing,0.0,0.0
HUN,1,Athletics,0.1870950439780748,0.17913511445931696
HUN,2,Wrestling,0.11052750687736367,0.04834896466610293
HUN,3,Canoeing,0.08914761947695919,0.29947474793293416
HUN,4,Fencing,0.04468190639665829,0.1120304777366997
HUN,5,Gymnastics,0.008418412998840462,0.006403132610917213
INA,1,Athletics,0.0,0.0
INA,2,Swimming,0.0,0.0
INA,3,Rowing,0.0,0.0
INA,4,Gymnastics,0.0,0.0
INA,5,Fencing,0.0,0.0
IND,1,Wrestling,0.34194447440184383,0.0
IND,2,Athletics,0.2894126461535845,5.91145877715746
IND,3,Shooting,0.07067252806234746,0.0
IND,4,Swimming,0.0,0.0
IND,5,Rowing,0.0,0.0
IOA,1,Shooting,1.1307604489975593,0.0
IOA,2,Athletics,0.0,0.0
IOA,3,Swimming,0.0,0.0
IOA,4,Rowing,0.0,0.0
IOA,5,Gymnastics,0.0,0.0
IRI,1,Wrestling,1.2158025756510003,0.7977579169906984
IRI,2,Athletics,0.34300758062647047,0.0
IRI,3,Shooting,0.04188001662953924,0.03634284182650167
IRI,4,Swimming,0.0,0.0
IRI,5,Rowing,0.0,0.0
IRL,1,Rowing,0.42772893897292713,0.48404764695283586
IRL,2,Athletics,0.0,0.0
IRL,3,Swimming,0.0,0.0
IRL,4,Gymnastics,0.0,0.0
IRL,5,Fencing,0.0,0.0
IRQ,1,Athletics,0.0,0.0
IRQ,2,Swimming,0.0,0.0
IRQ,3,Rowing,0.0,0.0
IRQ,4,Gymnastics,0.0,0.0
IRQ,5,Fencing,0.0,0.0
ISL,1,Athletics,0.0,0.0
ISL,2,Swimming,0.0,0.0
ISL,3,Rowing,0.0,0.0
ISL,4,Gymnastics,0.0,0.0
ISL,5,Fencing,0.0,0.0
ISR,1,Athletics,0.0,0.0
ISR,2,Swimming,0.0,0.0
ISR,3,Rowing,0.0,0.0
ISR,4,Gymnastics,0.0,0.0
ISR,5,Fencing,0.0,0.0
ISV,1,Athletics,0.0,0.0
ISV,2,Swimming,0.0,0.0
ISV,3,Rowing,0.0,0.0
ISV,4,Gymnastics,0.0,0.0
ISV,5,Fencing,0.0,0.0
ITA,1,Athletics,0.47163542336139685,1.285099734164665
ITA,2,Shooting,0.06805502702300126,0.047403706730219576
ITA,3,Rowing,0.06336725021821142,0.042091099735029204
ITA,4,Fencing,0.054123618760237885,0.20092422637560273
ITA,5,Wrestling,0.020263376260850004,0.0
IVB,1,Athletics,0.0,0.0
IVB,2,Swimming,0.0,0.0
IVB,3,Rowing,0.0,0.0
IVB,4,Gymnastics,0.0,0.0
IVB,5,Fencing,0.0,0.0
JAM,1,Athletics,9.261204676914703,5.91145877715746
JAM,2,Swimming,0.0,0.0
JAM,3,Rowing,0.0,0.0
JAM,4,Gymnastics,0.0,0.0
JAM,5,Fencing,0.0,0.0
JOR,1,Athletics,0.0,0.0
JOR,2,Swimming,0.0,0.0
JOR,3,Rowing,0.0,0.0
JOR,4,Gymnastics,0.0,0.0
JOR,5,Fencing,0.0,0.0
JPN,1,Athletics,0.2655542559688804,0.0
JPN,2,Wrestling,0.15687775169690327,0.2254533243669365
JPN,3,Gymnastics,0.0418205032845623,0.016077430794803005
JPN,4,Fencing,0.009059925720981406,0.04018484527512055
JPN,5,Basketball,0.008045397840599555,0.0
KAZ,1,Athletics,0.474933573175113,0.591145877715746
KAZ,2,Wrestling,0.3927977552103232,0.0
KAZ,3,Cycling,0.017362572802968223,0.09481957246309838
KAZ,4,Swimming,0.0,0.0
KAZ,5,Rowing,0.0,0.0
KEN,1,Athletics,9.261204676914703,5.91145877715746
KEN,2,Swimming,0.0,0.0
KEN,3,Rowing,0.0,0.0
KEN,4,Gymnastics,0.0,0.0
KEN,5,Fencing,0.0,0.0
KGZ,1,Wrestling,2.1884446361718006,0.0
KGZ,2,Athletics,0.0,0.0
KGZ,3,Swimming,0.0,0.0
KGZ,4,Rowing,0.0,0.0
KGZ,5,Gymnastics,0.0,0.0
KIR,1,Athletics,0.0,0.0
KIR,2,Swimming,0.0,0.0
KIR,3,Rowing,0.0,0.0
KIR,4,Gymnastics,0.0,0.0
KIR,5,Fencing,0.0,0.0
KOR,1,Fencing,0.08594245538922962,0.20538920918394946
KOR,2,Shooting,0.0723686687358438,0.032304748290223714
KOR,3,Wrestling,0.035015114178748814,0.03545590742180882
KOR,4,Football,0.016765242926671843,0.0
KOR,5,Gymnastics,0.006667383095081647,0.00469563058133929
KOS,1,Athletics,0.0,0.0
KOS,2,Swimming,0.0,0.0
KOS,3,Rowing,0.0,0.0
KOS,4,Gymnastics,0.0,0.0
KOS,5,Fencing,0.0,0.0
KSA,1,Athletics,0.0,0.0
KSA,2,Swimming,0.0,0.0
KSA,3,Rowing,0.0,0.0
KSA,4,Gymnastics,0.0,0.0
KSA,5,Fencing,0.0,0.0
KUW,1,Shooting,1.1307604489975593,0.0
KUW,2,Athletics,0.0,0.0
KUW,3,Swimming,0.0,0.0
KUW,4,Rowing,0.0,0.0
KUW,5,Gymnastics,0.0,0.0
LAO,1,Athletics,0.0,0.0
LAO,2,Swimming,0.0,0.0
LAO,3,Rowing,0.0,0.0
LAO,4,Gymnastics,0.0,0.0
LAO,5,Fencing,0.0,0.0
LAT,1,Cycling,0.0846425424144701,0.18963914492619677
LAT,2,Athletics,0.0,0.0
LAT,3,Swimming,0.0,0.0
LAT,4,Rowing,0.0,0.0
LAT,5,Gymnastics,0.0,0.0
LBA,1,Athletics,0.0,0.0
LBA,2,Swimming,0.0,0.0
LBA,3,Rowing,0.0,0.0
LBA,4,Gymnastics,0.0,0.0
LBA,5,Fencing,0.0,0.0
LBN,1,Athletics,0.0,0.0
LBN,2,Swimming,0.0,0.0
LBN,3,Rowing,0.0,0.0
LBN,4,Gymnastics,0.0,0.0
LBN,5,Fencing,0.0,0.0
LBR,1,Athletics,0.0,0.0
LBR,2,Swimming,0.0,0.0
LBR,3,Rowing,0.0,0.0
LBR,4,Gymnastics,0.0,0.0
LBR,5,Fencing,0.0,0.0
LCA,1,Athletics,0.0,0.0
LCA,2,Swimming,0.0,0.0
LCA,3,Rowing,0.0,0.0
LCA,4,Gymnastics,0.0,0.0
LCA,5,Fencing,0.0,0.0
LES,1,Athletics,0.0,0.0
LES,2,Swimming,0.0,0.0
LES,3,Rowing,0.0,0.0
LES,4,Gymnastics,0.0,0.0
LES,5,Fencing,0.0,0.0
LIB,1,Athletics,0.0,0.0
LIB,2,Swimming,0.0,0.0
LIB,3,Rowing,0.0,0.0
LIB,4,Gymnastics,0.0,0.0
LIB,5,Fencing,0.0,0.0
LIE,1,Athletics,0.0,0.0
LIE,2,Swimming,0.0,0.0
LIE,3,Rowing,0.0,0.0
LIE,4,Gymnastics,0.0,0.0
LIE,5,Fencing,0.0,0.0
LTU,1,Rowing,0.2632178085987244,0.0
LTU,2,Wrestling,0.1683418950901385,0.0
LTU,3,Canoeing,0.096984772837571,0.0
LTU,4,Athletics,0.0,0.0
LTU,5,Swimming,0.0,0.0
LUX,1,Athletics,0.0,0.0
LUX,2,Swimming,0.0,0.0
LUX,3,Rowing,0.0,0.0
LUX,4,Gymnastics,0.0,0.0
LUX,5,Fencing,0.0,0.0
MAD,1,Athletics,0.0,0.0
MAD,2,Swimming,0.0,0.0
MAD,3,Rowing,0.0,0.0
MAD,4,Gymnastics,0.0,0.0
MAD,5,Fencing,0.0,0.0
MAL,1,Athletics,0.0,0.0
MAL,2,Swimming,0.0,0.0
MAL,3,Rowing,0.0,0.0
MAL,4,Gymnastics,0.0,0.0
MAL,5,Fencing,0.0,0.0
MAR,1,Athletics,6.1741364512764685,5.91145877715746
MAR,2,Swimming,0.0,0.0
MAR,3,Rowing,0.0,0.0
MAR,4,Gymnastics,0.0,0.0
MAR,5,Fencing,0.0,0.0
MAS,1,Cycling,0.05208771840890468,0.0
MAS,2,Athletics,0.0,0.0
MAS,3,Swimming,0.0,0.0
MAS,4,Rowing,0.0,0.0
MAS,5,Gymnastics,0.0,0.0
MAW,1,Athletics,0.0,0.0
MAW,2,Swimming,0.0,0.0
MAW,3,Rowing,0.0,0.0
MAW,4,Gymnastics,0.0,0.0
MAW,5,Fencing,0.0,0.0
MDA,1,Athletics,0.0,0.0
MDA,2,Swimming,0.0,0.0
MDA,3,Rowing,0.0,0.0
MDA,4,Gymnastics,0.0,0.0
MDA,5,Fencing,0.0,0.0
MDV,1,Athletics,0.0,0.0
MDV,2,Swimming,0.0,0.0
MDV,3,Rowing,0.0,0.0
MDV,4,Gymnastics,0.0,0.0
MDV,5,Fencing,0.0,0.0
MEX,1,Athletics,0.1653786549449054,0.0
MEX,2,Football,0.07900288085485245,0.14700207841985877
MEX,3,Swimming,0.0,0.0
MEX,4,Rowing,0.0,0.0
MEX,5,Gymnastics,0.0,0.0
MGL,1,Wrestling,0.39789902475850925,0.0
MGL,2,Athletics,0.0,0.0
MGL,3,Swimming,0.0,0.0
MGL,4,Rowing,0.0,0.0
MGL,5,Gymnastics,0.0,0.0
MHL,1,Athletics,0.0,0.0
MHL,2,Swimming,0.0,0.0
MHL,3,Rowing,0.0,0.0
MHL,4,Gymnastics,0.0,0.0
MHL,5,Fencing,0.0,0.0
MKD,1,Athletics,0.0,0.0
MKD,2,Swimming,0.0,0.0
MKD,3,Rowing,0.0,0.0
MKD,4,Gymnastics,0.0,0.0
MKD,5,Fencing,0.0,0.0
MLI,1,Athletics,0.0,0.0
MLI,2,Swimming,0.0,0.0
MLI,3,Rowing,0.0,0.0
MLI,4,Gymnastics,0.0,0.0
MLI,5,Fencing,0.0,0.0
MLT,1,Athletics,0.0,0.0
MLT,2,Swimming,0.0,0.0
MLT,3,Rowing,0.0,0.0
MLT,4,Gymnastics,0.0,0.0
MLT,5,Fencing,0.0,0.0
MNE,1,Handball,0.18699186991786268,0.0
MNE,2,Athletics,0.0,0.0
MNE,3,Swimming,0.0,0.0
MNE,4,Rowing,0.0,0.0
MNE,5,Gymnastics,0.0,0.0
MON,1,Athletics,0.0,0.0
MON,2,Swimming,0.0,0.0
MON,3,Rowing,0.0,0.0
MON,4,Gymnastics,0.0,0.0
MON,5,Fencing,0.0,0.0
MOZ,1,Athletics,0.0,0.0
MOZ,2,Swimming,0.0,0.0
MOZ,3,Rowing,0.0,0.0
MOZ,4,Gymnastics,0.0,0.0
MOZ,5,Fencing,0.0,0.0
MRI,1,Athletics,0.0,0.0
MRI,2,Swimming,0.0,0.0
MRI,3,Rowing,0.0,0.0
MRI,4,Gymnastics,0.0,0.0
MRI,5,Fencing,0.0,0.0
MTN,1,Athletics,0.0,0.0
MTN,2,Swimming,0.0,0.0
MTN,3,Rowing,0.0,0.0
MTN,4,Gymnastics,0.0,0.0
MTN,5,Fencing,0.0,0.0
MYA,1,Athletics,0.0,0.0
MYA,2,Swimming,0.0,0.0
MYA,3,Rowing,0.0,0.0
MYA,4,Gymnastics,0.0,0.0
MYA,5,Fencing,0.0,0.0
NAM,1,Athletics,9.261204676914703,0.0
NAM,2,Swimming,0.0,0.0
NAM,3,Rowing,0.0,0.0
NAM,4,Gymnastics,0.0,0.0
NAM,5,Fencing,0.0,0.0
NBO,1,Athletics,0.0,0.0
NBO,2,Swimming,0.0,0.0
NBO,3,Rowing,0.0,0.0
NBO,4,Gymnastics,0.0,0.0
NBO,5,Fencing,0.0,0.0
NCA,1,Athletics,0.0,0.0
NCA,2,Swimming,0.0,0.0
NCA,3,Rowing,0.0,0.0
NCA,4,Gymnastics,0.0,0.0
NCA,5,Fencing,0.0,0.0
NED,1,Athletics,0.6896641780681161,0.1876653580049987
NED,2,Rowing,0.1729116987337365,0.09219955180054015
NED,3,Cycling,0.03241629283958429,0.045152177363380175
NED,4,Gymnastics,0.0088662009243107,0.006708043687627557
NED,5,Swimming,0.0,0.0
NEP,1,Athletics,0.0,0.0
NEP,2,Swimming,0.0,0.0
NEP,3,Rowing,0.0,0.0
NEP,4,Gymnastics,0.0,0.0
NEP,5,Fencing,0.0,0.0
NFL,1,Athletics,0.0,0.0
NFL,2,Swimming,0.0,0.0
NFL,3,Rowing,0.0,0.0
NFL,4,Gymnastics,0.0,0.0
NFL,5,Fencing,0.0,0.0
NGR,1,Athletics,0.4630602338457352,0.0
NGR,2,Wrestling,0.10942223180859004,0.0
NGR,3,Football,0.10478276829169904,0.0
NGR,4,Swimming,0.0,0.0
NGR,5,Rowing,0.0,0.0
NIG,1,Athletics,0.0,0.0
NIG,2,Swimming,0.0,0.0
NIG,3,Rowing,0.0,0.0
NIG,4,Gymnastics,0.0,0.0
NIG,5,Fencing,0.0,0.0
NOR,1,Athletics,0.47090871238549337,0.591145877715746
NOR,2,Handball,0.13628221027912024,0.16399356254394928
NOR,3,Rowing,0.07249643033439443,0.0
NOR,4,Wrestling,0.03709228196901357,0.0
NOR,5,Cycling,0.011476954903656963,0.0
NRU,1,Athletics,0.0,0.0
NRU,2,Swimming,0.0,0.0
NRU,3,Rowing,0.0,0.0
NRU,4,Gymnastics,0.0,0.0
NRU,5,Fencing,0.0,0.0
NZL,1,Athletics,0.5064721307687728,0.13435133584448772
NZL,2,Rowing,0.24728079284372348,0.4400433154116689
NZL,3,Cycling,0.05290158900904381,0.0
NZL,4,Canoeing,0.013133354655087737,0.03208658013567152
NZL,5,Shooting,0.008834066007793432,0.0
OMA,1,Athletics,0.0,0.0
OMA,2,Swimming,0.0,0.0
OMA,3,Rowing,0.0,0.0
OMA,4,Gymnastics,0.0,0.0
OMA,5,Fencing,0.0,0.0
PAK,1,Athletics,0.0,0.0
PAK,2,Swimming,0.0,0.0
PAK,3,Rowing,0.0,0.0
PAK,4,Gymnastics,0.0,0.0
PAK,5,Fencing,0.0,0.0
PAN,1,Athletics,0.0,0.0
PAN,2,Swimming,0.0,0.0
PAN,3,Rowing,0.0,0.0
PAN,4,Gymnastics,0.0,0.0
PAN,5,Fencing,0.0,0.0
PAR,1,Athletics,0.0,0.0
PAR,2,Swimming,0.0,0.0
PAR,3,Rowing,0.0,0.0
PAR,4,Gymnastics,0.0,0.0
PAR,5,Fencing,0.0,0.0
PER,1,Athletics,0.0,0.0
PER,2,Swimming,0.0,0.0
PER,3,Rowing,0.0,0.0
PER,4,Gymnastics,0.0,0.0
PER,5,Fencing,0.0,0.0
PHI,1,Athletics,0.0,0.0
PHI,2,Swimming,0.0,0.0
PHI,3,Rowing,0.0,0.0
PHI,4,Gymnastics,0.0,0.0
PHI,5,Fencing,0.0,0.0
PLE,1,Athletics,0.0,0.0
PLE,2,Swimming,0.0,0.0
PLE,3,Rowing,0.0,0.0
PLE,4,Gymnastics,0.0,0.0
PLE,5,Fencing,0.0,0.0
PLW,1,Athletics,0.0,0.0
PLW,2,Swimming,0.0,0.0
PLW,3,Rowing,0.0,0.0
PLW,4,Gymnastics,0.0,0.0
PLW,5,Fencing,0.0,0.0
PNG,1,Athletics,0.0,0.0
PNG,2,Swimming,0.0,0.0
PNG,3,Rowing,0.0,0.0
PNG,4,Gymnastics,0.0,0.0
PNG,5,Fencing,0.0,0.0
POL,1,Athletics,4.051777046150183,4.978070549185229
POL,2,Rowing,0.16039835211484768,0.10190476777954438
POL,3,Wrestling,0.10258334232055315,0.0
POL,4,Canoeing,0.03283338663771934,0.0
POL,5,Cycling,0.021160635603617525,0.0
POR,1,Athletics,2.6460584791184862,5.91145877715746
POR,2,Canoeing,0.12007638541794502,0.0
POR,3,Swimming,0.0,0.0
POR,4,Rowing,0.0,0.0
POR,5,Gymnastics,0.0,0.0
PRK,1,Wrestling,0.11518129664062107,0.0
PRK,2,Gymnastics,0.08772872493528482,0.05282584404006701
PRK,3,Shooting,0.059513707841976814,0.0
PRK,4,Athletics,0.0,0.0
PRK,5,Swimming,0.0,0.0
PUR,1,Athletics,4.630602338457352,2.95572938857873
PUR,2,Wrestling,0.5471111590429502,0.0
PUR,3,Swimming,0.0,0.0
PUR,4,Rowing,0.0,0.0
PUR,5,Gymnastics,0.0,0.0
QAT,1,Athletics,3.9690877186777294,2.95572938857873
QAT,2,Shooting,0.16153720699965135,0.0
QAT,3,Swimming,0.0,0.0
QAT,4,Rowing,0.0,0.0
QAT,5,Gymnastics,0.0,0.0
RHO,1,Athletics,0.0,0.0
RHO,2,Swimming,0.0,0.0
RHO,3,Rowing,0.0,0.0
RHO,4,Gymnastics,0.0,0.0
RHO,5,Fencing,0.0,0.0
ROC,1,Athletics,0.0,0.0
ROC,2,Swimming,0.0,0.0
ROC,3,Rowing,0.0,0.0
ROC,4,Gymnastics,0.0,0.0
ROC,5,Fencing,0.0,0.0
ROT,1,Athletics,0.0,0.0
ROT,2,Swimming,0.0,0.0
ROT,3,Rowing,0.0,0.0
ROT,4,Gymnastics,0.0,0.0
ROT,5,Fencing,0.0,0.0
ROU,1,Rowing,0.35470204695315904,0.24202382347641793
ROU,2,Gymnastics,0.14229171239503513,0.026412922020033505
ROU,3,Fencing,0.06935815087007412,0.4621257206638863
ROU,4,Wrestling,0.053376698443214646,0.0
ROU,5,Shooting,0.027579523146281936,0.04542855228312709
RSA,1,Athletics,1.3230292395592431,1.3136575060349909
RSA,2,Rowing,0.146649921933575,0.43026457506918736
RSA,3,Canoeing,0.012007638541794503,0.0
RSA,4,Swimming,0.0,0.0
RSA,5,Gymnastics,0.0,0.0
RUS,1,Athletics,1.4439909096834893,0.9441913324626499
RUS,2,Wrestling,0.14868413664012234,0.16973572701929754
RUS,3,Gymnastics,0.03892845756151704,0.001498605504682752
RUS,4,Shooting,0.036011479267438196,0.007732519537553548
RUS,5,Canoeing,0.013384310476522535,0.015019250276271772
RWA,1,Athletics,0.0,0.0
RWA,2,Swimming,0.0,0.0
RWA,3,Rowing,0.0,0.0
RWA,4,Gymnastics,0.0,0.0
RWA,5,Fencing,0.0,0.0
SAA,1,Athletics,0.0,0.0
SAA,2,Swimming,0.0,0.0
SAA,3,Rowing,0.0,0.0
SAA,4,Gymnastics,0.0,0.0
SAA,5,Fencing,0.0,0.0
SAM,1,Athletics,0.0,0.0
SAM,2,Swimming,0.0,0.0
SAM,3,Rowing,0.0,0.0
SAM,4,Gymnastics,0.0,0.0
SAM,5,Fencing,0.0,0.0
SCG,1,Shooting,0.07538402993317063,0.03432379505836269
SCG,2,Basketball,0.02200652938752231,0.0
SCG,3,Athletics,0.0,0.0
SCG,4,Swimming,0.0,0.0
SCG,5,Rowing,0.0,0.0
SEN,1,Athletics,0.0,0.0
SEN,2,Swimming,0.0,0.0
SEN,3,Rowing,0.0,0.0
SEN,4,Gymnastics,0.0,0.0
SEN,5,Fencing,0.0,0.0
SEY,1,Athletics,0.0,0.0
SEY,2,Swimming,0.0,0.0
SEY,3,Rowing,0.0,0.0
SEY,4,Gymnastics,0.0,0.0
SEY,5,Fencing,0.0,0.0
SGP,1,Athletics,0.0,0.0
SGP,2,Swimming,0.0,0.0
SGP,3,Rowing,0.0,0.0
SGP,4,Gymnastics,0.0,0.0
SGP,5,Fencing,0.0,0.0
SKN,1,Athletics,0.0,0.0
SKN,2,Swimming,0.0,0.0
SKN,3,Rowing,0.0,0.0
SKN,4,Gymnastics,0.0,0.0
SKN,5,Fencing,0.0,0.0
SLE,1,Athletics,0.0,0.0
SLE,2,Swimming,0.0,0.0
SLE,3,Rowing,0.0,0.0
SLE,4,Gymnastics,0.0,0.0
SLE,5,Fencing,0.0,0.0
SLO,1,Athletics,0.6615146197796216,0.0
SLO,2,Rowing,0.12220826827797918,0.0
SLO,3,Shooting,0.08076860349982568,0.0
SLO,4,Canoeing,0.030019096354486255,0.0
SLO,5,Swimming,0.0,0.0
SMR,1,Shooting,0.8480703367481696,0.0
SMR,2,Wrestling,0.5471111590429502,0.0
SMR,3,Athletics,0.0,0.0
SMR,4,Swimming,0.0,0.0
SMR,5,Rowing,0.0,0.0
SOL,1,Athletics,0.0,0.0
SOL,2,Swimming,0.0,0.0
SOL,3,Rowing,0.0,0.0
SOL,4,Gymnastics,0.0,0.0
SOL,5,Fencing,0.0,0.0
SOM,1,Athletics,0.0,0.0
SOM,2,Swimming,0.0,0.0
SOM,3,Rowing,0.0,0.0
SOM,4,Gymnastics,0.0,0.0
SOM,5,Fencing,0.0,0.0
SRB,1,Athletics,0.08820194930394956,0.0
SRB,2,Shooting,0.04307658853324037,0.0
SRB,3,Basketball,0.04275554281004334,0.0
SRB,4,Wrestling,0.04168465973660573,0.05318386113271323
SRB,5,Canoeing,0.008005092361196335,0.0
SRI,1,Athletics,0.0,0.0
SRI,2,Swimming,0.0,0.0
SRI,3,Rowing,0.0,0.0
SRI,4,Gymnastics,0.0,0.0
SRI,5,Fencing,0.0,0.0
SSD,1,Athletics,0.0,0.0
SSD,2,Swimming,0.0,0.0
SSD,3,Rowing,0.0,0.0
SSD,4,Gymnastics,0.0,0.0
SSD,5,Fencing,0.0,0.0
STP,1,Athletics,0.0,0.0
STP,2,Swimming,0.0,0.0
STP,3,Rowing,0.0,0.0
STP,4,Gymnastics,0.0,0.0
STP,5,Fencing,0.0,0.0
SUD,1,Athletics,0.0,0.0
SUD,2,Swimming,0.0,0.0
SUD,3,Rowing,0.0,0.0
SUD,4,Gymnastics,0.0,0.0
SUD,5,Fencing,0.0,0.0
SUI,1,Rowing,0.11406105039278057,0.3520346523293352
SUI,2,Shooting,0.11307604489975595,0.03303894711500152
SUI,3,Cycling,0.06771403393157609,0.17239922266017887
SUI,4,Gymnastics,0.027780762896173525,0.0
SUI,5,Athletics,0.0,0.0
SUR,1,Athletics,0.0,0.0
SUR,2,Swimming,0.0,0.0
SUR,3,Rowing,0.0,0.0
SUR,4,Gymnastics,0.0,0.0
SUR,5,Fencing,0.0,0.0
SVK,1,Athletics,0.4630602338457352,1.477864694289365
SVK,2,Canoeing,0.2101336744814038,0.35295238149238667
SVK,3,Shooting,0.1696140673496339,0.09085710456625418
SVK,4,Swimming,0.0,0.0
SVK,5,Rowing,0.0,0.0
SWE,1,Athletics,0.3307573098898108,1.182291755431492
SWE,2,Wrestling,0.1042116493415143,0.0
SWE,3,Football,0.0554406181437561,0.0
SWE,4,Handball,0.03116531165297711,0.0
SWE,5,Shooting,0.026922867833275223,0.0
SWZ,1,Athletics,0.0,0.0
SWZ,2,Swimming,0.0,0.0
SWZ,3,Rowing,0.0,0.0
SWZ,4,Gymnastics,0.0,0.0
SWZ,5,Fencing,0.0,0.0
SYR,1,Athletics,0.0,0.0
SYR,2,Swimming,0.0,0.0
SYR,3,Rowing,0.0,0.0
SYR,4,Gymnastics,0.0,0.0
SYR,5,Fencing,0.0,0.0
TAN,1,Athletics,0.0,0.0
TAN,2,Swimming,0.0,0.0
TAN,3,Rowing,0.0,0.0
TAN,4,Gymnastics,0.0,0.0
TAN,5,Fencing,0.0,0.0
TCH,1,Athletics,0.5458220958159707,0.24071281005470715
TCH,2,Wrestling,0.12797921848957897,0.0
TCH,3,Rowing,0.10130422238832483,0.0
TCH,4,Shooting,0.038683910097284925,0.028633754166334652
TCH,5,Cycling,0.03644894170958042,0.01959082075683851
TGA,1,Athletics,0.0,0.0
TGA,2,Swimming,0.0,0.0
TGA,3,Rowing,0.0,0.0
TGA,4,Gymnastics,0.0,0.0
TGA,5,Fencing,0.0,0.0
THA,1,Athletics,0.0,0.0
THA,2,Swimming,0.0,0.0
THA,3,Rowing,0.0,0.0
THA,4,Gymnastics,0.0,0.0
THA,5,Fencing,0.0,0.0
TJK,1,Athletics,4.630602338457352,5.91145877715746
TJK,2,Swimming,0.0,0.0
TJK,3,Rowing,0.0,0.0
TJK,4,Gymnastics,0.0,0.0
TJK,5,Fencing,0.0,0.0
TKM,1,Athletics,0.0,0.0
TKM,2,Swimming,0.0,0.0
TKM,3,Rowing,0.0,0.0
TKM,4,Gymnastics,0.0,0.0
TKM,5,Fencing,0.0,0.0
TLS,1,Athletics,0.0,0.0
TLS,2,Swimming,0.0,0.0
TLS,3,Rowing,0.0,0.0
TLS,4,Gymnastics,0.0,0.0
TLS,5,Fencing,0.0,0.0
TOG,1,Athletics,0.0,0.0
TOG,2,Swimming,0.0,0.0
TOG,3,Rowing,0.0,0.0
TOG,4,Gymnastics,0.0,0.0
TOG,5,Fencing,0.0,0.0
TPE,1,Athletics,0.0,0.0
TPE,2,Swimming,0.0,0.0
TPE,3,Rowing,0.0,0.0
TPE,4,Gymnastics,0.0,0.0
TPE,5,Fencing,0.0,0.0
TTO,1,Athletics,9.261204676914703,5.91145877715746
TTO,2,Swimming,0.0,0.0
TTO,3,Rowing,0.0,0.0
TTO,4,Gymnastics,0.0,0.0
TTO,5,Fencing,0.0,0.0
TUN,1,Athletics,1.157650584614338,0.0
TUN,2,Wrestling,0.2735555795214751,0.0
TUN,3,Fencing,0.039495613689903314,0.0
TUN,4,Swimming,0.0,0.0
TUN,5,Rowing,0.0,0.0
TUR,1,Athletics,1.0686005396440041,1.182291755431492
TUR,2,Wrestling,0.7575385279056233,0.31910316679627937
TUR,3,Swimming,0.0,0.0
TUR,4,Rowing,0.0,0.0
TUR,5,Gymnastics,0.0,0.0
TUV,1,Athletics,0.0,0.0
TUV,2,Swimming,0.0,0.0
TUV,3,Rowing,0.0,0.0
TUV,4,Gymnastics,0.0,0.0
TUV,5,Fencing,0.0,0.0
UAE,1,Athletics,0.0,0.0
UAE,2,Swimming,0.0,0.0
UAE,3,Rowing,0.0,0.0
UAE,4,Gymnastics,0.0,0.0
UAE,5,Fencing,0.0,0.0
UAR,1,Athletics,0.0,0.0
UAR,2,Swimming,0.0,0.0
UAR,3,Rowing,0.0,0.0
UAR,4,Gymnastics,0.0,0.0
UAR,5,Fencing,0.0,0.0
UGA,1,Athletics,9.261204676914703,5.91145877715746
UGA,2,Swimming,0.0,0.0
UGA,3,Rowing,0.0,0.0
UGA,4,Gymnastics,0.0,0.0
UGA,5,Fencing,0.0,0.0
UKR,1,Athletics,1.0584233916473946,0.0
UKR,2,Wrestling,0.18758096881472577,0.13295965283178307
UKR,3,Shooting,0.08076860349982568,0.0
UKR,4,Rowing,0.048883307311191664,0.3226984313018905
UKR,5,Fencing,0.03611027537362589,0.07702095344398105
UNK,1,Athletics,0.0,0.0
UNK,2,Swimming,0.0,0.0
UNK,3,Rowing,0.0,0.0
UNK,4,Gymnastics,0.0,0.0
UNK,5,Fencing,0.0,0.0
URS,1,Athletics,0.8860574007504646,0.5071104343149782
URS,2,Wrestling,0.12648476901677072,0.14338786089702096
URS,3,Rowing,0.0853641619181638,0.0261006084141235
URS,4,Gymnastics,0.06266891842289675,0.018126515111787696
URS,5,Fencing,0.013863994614431737,0.03624515456187343
URU,1,Athletics,0.0,0.0
URU,2,Swimming,0.0,0.0
URU,3,Rowing,0.0,0.0
URU,4,Gymnastics,0.0,0.0
URU,5,Fencing,0.0,0.0
USA,1,Athletics,1.6007020429235288,0.9976517331726696
USA,2,Wrestling,0.04322853602314668,0.028132521002190877
USA,3,Rowing,0.028515262598195142,0.04389348939622693
USA,4,Gymnastics,0.026751845751870805,0.007983754766760758
USA,5,Shooting,0.02094000831476962,0.0064080577527836705
UZB,1,Wrestling,0.5210582467075715,0.1994394792476746
UZB,2,Athletics,0.0,0.0
UZB,3,Swimming,0.0,0.0
UZB,4,Rowing,0.0,0.0
UZB,5,Gymnastics,0.0,0.0
VAN,1,Athletics,0.0,0.0
VAN,2,Swimming,0.0,0.0
VAN,3,Rowing,0.0,0.0
VAN,4,Gymnastics,0.0,0.0
VAN,5,Fencing,0.0,0.0
VEN,1,Athletics,2.315301169228676,2.95572938857873
VEN,2,Cycling,0.0846425424144701,0.0
VEN,3,Fencing,0.039495613689903314,0.4621257206638863
VEN,4,Swimming,0.0,0.0
VEN,5,Rowing,0.0,0.0
VIE,1,Shooting,1.1307604489975593,0.3634284182650167
VIE,2,Athletics,0.0,0.0
VIE,3,Swimming,0.0,0.0
VIE,4,Rowing,0.0,0.0
VIE,5,Gymnastics,0.0,0.0
VIN,1,Athletics,0.0,0.0
VIN,2,Swimming,0.0,0.0
VIN,3,Rowing,0.0,0.0
VIN,4,Gymnastics,0.0,0.0
VIN,5,Fencing,0.0,0.0
VNM,1,Athletics,0.0,0.0
VNM,2,Swimming,0.0,0.0
VNM,3,Rowing,0.0,0.0
VNM,4,Gymnastics,0.0,0.0
VNM,5,Fencing,0.0,0.0
WIF,1,Athletics,0.0,0.0
WIF,2,Swimming,0.0,0.0
WIF,3,Rowing,0.0,0.0
WIF,4,Gymnastics,0.0,0.0
WIF,5,Fencing,0.0,0.0
YAR,1,Athletics,0.0,0.0
YAR,2,Swimming,0.0,0.0
YAR,3,Rowing,0.0,0.0
YAR,4,Gymnastics,0.0,0.0
YAR,5,Fencing,0.0,0.0
YEM,1,Athletics,0.0,0.0
YEM,2,Swimming,0.0,0.0
YEM,3,Rowing,0.0,0.0
YEM,4,Gymnastics,0.0,0.0
YEM,5,Fencing,0.0,0.0
YMD,1,Athletics,0.0,0.0
YMD,2,Swimming,0.0,0.0
YMD,3,Rowing,0.0,0.0
YMD,4,Gymnastics,0.0,0.0
YMD,5,Fencing,0.0,0.0
YUG,1,Wrestling,0.11934258411298163,0.08578042118179553
YUG,2,Handball,0.04932914359796377,0.10958095193028869
YUG,3,Rowing,0.03673745488111031,0.0
YUG,4,Basketball,0.027541914080089273,0.00024860965524205696
YUG,5,Canoeing,0.013536218294814356,0.025617511559931288
ZAM,1,Athletics,0.0,0.0
ZAM,2,Swimming,0.0,0.0
ZAM,3,Rowing,0.0,0.0
ZAM,4,Gymnastics,0.0,0.0
ZAM,5,Fencing,0.0,0.0
ZIM,1,Athletics,0.0,0.0
ZIM,2,Swimming,0.0,0.0
ZIM,3,Rowing,0.0,0.0
ZIM,4,Gymnastics,0.0,0.0
ZIM,5,Fencing,0.0,0.0
